{
  "ruleKey": "qa-require-https",
  "displayName": "Qa Require Https",
  "severity": "MINOR",
  "defaultActive": false,
  "allPassed": true,
  "fixtures": [
    {
      "name": "compliant.yml",
      "status": "PASS",
      "expectedIssues": [],
      "actualIssues": [],
      "mismatches": []
    },
    {
      "name": "noncompliant.yml",
      "status": "PASS",
      "expectedIssues": [{"line":5}],
      "actualIssues": [{"line":5,"message":"Use HTTPS instead of HTTP for URLs."}],
      "mismatches": []
    }
  ]
}
