{
  "ruleKey": "qa-become-with-user",
  "displayName": "Qa Become With User",
  "severity": "MINOR",
  "defaultActive": false,
  "allPassed": true,
  "fixtures": [
    {
      "name": "compliant.yml",
      "status": "PASS",
      "expectedIssues": [],
      "actualIssues": [],
      "mismatches": []
    },
    {
      "name": "noncompliant.yml",
      "status": "PASS",
      "expectedIssues": [{"line":5}],
      "actualIssues": [{"line":5,"message":"Set \"become: true\" when using \"become_user\"."}],
      "mismatches": []
    }
  ]
}
