{
  "ruleKey": "qa-replace-deprecated-module",
  "displayName": "Qa Replace Deprecated Module",
  "severity": "MINOR",
  "defaultActive": true,
  "allPassed": true,
  "fixtures": [
    {
      "name": "compliant.yml",
      "status": "PASS",
      "expectedIssues": [],
      "actualIssues": [],
      "mismatches": []
    },
    {
      "name": "noncompliant.yml",
      "status": "PASS",
      "expectedIssues": [{"line":5}],
      "actualIssues": [{"line":5,"message":"Use import_playbook or include_tasks instead of include."}],
      "mismatches": []
    }
  ]
}
