{
  "ruleKey": "qa-task-has-name",
  "displayName": "Qa Task Has Name",
  "severity": "MINOR",
  "defaultActive": true,
  "allPassed": true,
  "fixtures": [
    {
      "name": "compliant.yml",
      "status": "PASS",
      "expectedIssues": [],
      "actualIssues": [],
      "mismatches": []
    },
    {
      "name": "noncompliant.yml",
      "status": "PASS",
      "expectedIssues": [{"line":5,"message":"Add a \"name\" to this task."}],
      "actualIssues": [{"line":5,"message":"Add a \"name\" to this task."}],
      "mismatches": []
    }
  ]
}
