{
  "ruleKey": "qa-strip-trailing-whitespace",
  "displayName": "Qa Strip Trailing Whitespace",
  "severity": "MINOR",
  "defaultActive": true,
  "allPassed": true,
  "fixtures": [
    {
      "name": "compliant.yml",
      "status": "PASS",
      "expectedIssues": [],
      "actualIssues": [],
      "mismatches": []
    },
    {
      "name": "noncompliant.yml",
      "status": "PASS",
      "expectedIssues": [{"line":3,"message":"Remove trailing whitespace."}],
      "actualIssues": [{"line":3,"message":"Remove trailing whitespace."}],
      "mismatches": []
    }
  ]
}
