{
  "ruleKey": "qa-task-name-first",
  "displayName": "Qa Task Name First",
  "severity": "MINOR",
  "defaultActive": true,
  "allPassed": true,
  "fixtures": [
    {
      "name": "compliant.yml",
      "status": "PASS",
      "expectedIssues": [],
      "actualIssues": [],
      "mismatches": []
    },
    {
      "name": "noncompliant.yml",
      "status": "PASS",
      "expectedIssues": [{"line":5,"message":"Put \"name\" before the module key (\"copy\")."}],
      "actualIssues": [{"line":5,"message":"Put \"name\" before the module key (\"copy\")."}],
      "mismatches": []
    }
  ]
}
