{
  "ruleKey": "qa-full-module-name",
  "displayName": "Qa Full Module Name",
  "severity": "MINOR",
  "defaultActive": true,
  "allPassed": true,
  "fixtures": [
    {
      "name": "compliant.yml",
      "status": "PASS",
      "expectedIssues": [],
      "actualIssues": [],
      "mismatches": []
    },
    {
      "name": "noncompliant.yml",
      "status": "PASS",
      "expectedIssues": [{"line":5}],
      "actualIssues": [{"line":5,"message":"Use FQCN for modules (e.g. ansible.builtin.copy instead of copy)."}],
      "mismatches": []
    }
  ]
}
