{
  "ruleKey": "qa-task-name-min-chars",
  "displayName": "Qa Task Name Min Chars",
  "severity": "MINOR",
  "defaultActive": true,
  "allPassed": true,
  "fixtures": [
    {
      "name": "compliant.yml",
      "status": "PASS",
      "expectedIssues": [],
      "actualIssues": [],
      "mismatches": []
    },
    {
      "name": "noncompliant.yml",
      "status": "PASS",
      "expectedIssues": [{"line":5,"message":"Task name should be at least 3 characters."}],
      "actualIssues": [{"line":5,"message":"Task name should be at least 3 characters."}],
      "mismatches": []
    }
  ]
}
