{
  "ruleKey": "qa-explicit-owner-group",
  "displayName": "Qa Explicit Owner Group",
  "severity": "MINOR",
  "defaultActive": true,
  "allPassed": true,
  "fixtures": [
    {
      "name": "compliant.yml",
      "status": "PASS",
      "expectedIssues": [],
      "actualIssues": [],
      "mismatches": []
    },
    {
      "name": "noncompliant.yml",
      "status": "PASS",
      "expectedIssues": [{"line":5}],
      "actualIssues": [{"line":5,"message":"Avoid using same_owner; use explicit owner/group instead."}],
      "mismatches": []
    }
  ]
}
