{
  "ruleKey": "qa-spaces-not-tabs",
  "displayName": "Qa Spaces Not Tabs",
  "severity": "MINOR",
  "defaultActive": true,
  "allPassed": true,
  "fixtures": [
    {
      "name": "compliant.yml",
      "status": "PASS",
      "expectedIssues": [],
      "actualIssues": [],
      "mismatches": []
    },
    {
      "name": "noncompliant.yml",
      "status": "PASS",
      "expectedIssues": [{"line":4,"message":"Use spaces for indentation instead of tabs."}],
      "actualIssues": [{"line":4,"message":"Use spaces for indentation instead of tabs."}],
      "mismatches": []
    }
  ]
}
