{
  "ruleKey": "qa-variable-name-format",
  "displayName": "Qa Variable Name Format",
  "severity": "MINOR",
  "defaultActive": true,
  "allPassed": true,
  "fixtures": [
    {
      "name": "compliant.yml",
      "status": "PASS",
      "expectedIssues": [],
      "actualIssues": [],
      "mismatches": []
    },
    {
      "name": "noncompliant.yml",
      "status": "PASS",
      "expectedIssues": [{"line":5}],
      "actualIssues": [{"line":5,"message":"Variable name should be lowercase with only letters, numbers, and underscores: MyVar"}],
      "mismatches": []
    }
  ]
}
