{
  "ruleKey": "qa-replace-deprecated-param",
  "displayName": "Qa Replace Deprecated Param",
  "severity": "MINOR",
  "defaultActive": true,
  "allPassed": true,
  "fixtures": [
    {
      "name": "compliant.yml",
      "status": "PASS",
      "expectedIssues": [],
      "actualIssues": [],
      "mismatches": []
    },
    {
      "name": "noncompliant.yml",
      "status": "PASS",
      "expectedIssues": [{"line":5}],
      "actualIssues": [{"line":5,"message":"Use state (e.g. state: present/absent) instead of force."}],
      "mismatches": []
    }
  ]
}
