{
  "ruleKey": "qa-when-bare-variable",
  "displayName": "Qa When Bare Variable",
  "severity": "MINOR",
  "defaultActive": true,
  "allPassed": true,
  "fixtures": [
    {
      "name": "compliant.yml",
      "status": "PASS",
      "expectedIssues": [],
      "actualIssues": [],
      "mismatches": []
    },
    {
      "name": "noncompliant.yml",
      "status": "PASS",
      "expectedIssues": [{"line":5}],
      "actualIssues": [{"line":5,"message":"Do not use Jinja for a simple variable in \"when\"; use when: var instead of when: \"{{ var }}\"."}],
      "mismatches": []
    }
  ]
}
