{
  "ruleKey": "qa-command-changed-when",
  "displayName": "Qa Command Changed When",
  "severity": "MINOR",
  "defaultActive": true,
  "allPassed": true,
  "fixtures": [
    {
      "name": "compliant.yml",
      "status": "PASS",
      "expectedIssues": [],
      "actualIssues": [],
      "mismatches": []
    },
    {
      "name": "noncompliant.yml",
      "status": "PASS",
      "expectedIssues": [{"line":5}],
      "actualIssues": [{"line":5,"message":"Add \"changed_when\" for command/shell tasks that are not idempotent."}],
      "mismatches": []
    }
  ]
}
