{
  "ruleKey": "qa-unique-tasks",
  "displayName": "Qa Unique Tasks",
  "severity": "MINOR",
  "defaultActive": true,
  "allPassed": true,
  "fixtures": [
    {
      "name": "compliant.yml",
      "status": "PASS",
      "expectedIssues": [],
      "actualIssues": [],
      "mismatches": []
    },
    {
      "name": "noncompliant.yml",
      "status": "PASS",
      "expectedIssues": [{"line":7}],
      "actualIssues": [{"line":7,"message":"Duplicate task (same name and module); remove or consolidate."}],
      "mismatches": []
    }
  ]
}
