{
  "ruleKey": "qa-delegate-to-localhost",
  "displayName": "Qa Delegate To Localhost",
  "severity": "MINOR",
  "defaultActive": true,
  "allPassed": true,
  "fixtures": [
    {
      "name": "compliant.yml",
      "status": "PASS",
      "expectedIssues": [],
      "actualIssues": [],
      "mismatches": []
    },
    {
      "name": "noncompliant.yml",
      "status": "PASS",
      "expectedIssues": [{"line":5}],
      "actualIssues": [{"line":5,"message":"Use \"delegate_to: localhost\" with the module instead of \"local_action\"."}],
      "mismatches": []
    }
  ]
}
